{"acc": 0.7231776053674772, "loss": 0.17739042652015807, "_timestamp": 1674790963.446903, "_runtime": 2.2997689247131348, "_step": 7, "_wandb": {"runtime": 1}}