{"train_loss": 7.040889739990234, "_timestamp": 1674806252.2678468, "_runtime": 1620.9130399227142, "_step": 413}