{"train_loss": 8.443619728088379, "_timestamp": 1674804749.2134771, "_runtime": 117.85867023468018, "_step": 28}