{"train_loss": 6.650538921356201, "_timestamp": 1674807980.0490081, "_runtime": 3348.694201231003, "_step": 866}