{"train_loss": 6.9606804847717285, "_timestamp": 1674799894.083153, "_runtime": 760.4444050788879, "_step": 188}