{"train_loss": 7.375473499298096, "_timestamp": 1674799483.6298409, "_runtime": 349.99109292030334, "_step": 88}