{"train_loss": 6.8469319343566895, "_timestamp": 1674797585.4723158, "_runtime": 6314.925340890884, "_step": 1623}