{"train_loss": 8.299617767333984, "_timestamp": 1674791488.381346, "_runtime": 217.8343710899353, "_step": 52}