{"train_loss": 7.385942459106445, "_timestamp": 1674798991.9553258, "_runtime": 513.5658807754517, "_step": 124, "_wandb": {"runtime": 517}}