{"acc": 0.9766672289671063, "loss": 0.023618107184311305, "_timestamp": 1674798346.678247, "_runtime": 1.9005999565124512, "_step": 7, "_wandb": {"runtime": 1}}